member_id,first_name,last_name,email,age,gender
M001,John,Doe,john.doe@example.com,35,M
M002,Jane,Smith,jane.smith@example.com,28,F
M003,Mike,Johnson,mike.j@example.com,42,M
M004,Sarah,Williams,sarah.w@example.com,31,F
M005,Tom,Brown,tom.brown@example.com,45,M
M006,Emily,Davis,emily.d@example.com,26,F
M007,Chris,Wilson,chris.wilson@example.com,38,M
M008,Lisa,Moore,lisa.moore@example.com,33,F
M009,David,Taylor,david.t@example.com,29,M
M010,Anna,Anderson,anna.a@example.com,37,F
M011,Tyler,Young,tyler.young@example.com,18,M
M012,Madison,Lee,madison.lee@example.com,19,F
M013,Jake,Martin,jake.martin@example.com,24,M
M014,Olivia,Garcia,olivia.garcia@example.com,27,F
M015,Robert,Martinez,robert.m@example.com,52,M
M016,Patricia,Rodriguez,patricia.r@example.com,54,F
M017,James,Hernandez,james.h@example.com,58,M
M018,Jennifer,Lopez,jennifer.l@example.com,56,F
M019,William,Gonzalez,william.g@example.com,63,M
M020,Linda,Wilson,linda.wilson@example.com,61,F
M021,Charles,Anderson,charles.a@example.com,67,M
M022,Barbara,Thomas,barbara.t@example.com,65,F
M023,Joseph,Taylor,joseph.t@example.com,72,M
M024,Susan,Moore,susan.moore@example.com,74,F
M025,Richard,Jackson,richard.j@example.com,76,M
M026,Jessica,White,jessica.w@example.com,78,F
M027,Thomas,Harris,thomas.h@example.com,82,M
M028,Nancy,Clark,nancy.clark@example.com,84,F
M029,Daniel,Lewis,daniel.l@example.com,86,M
M030,Betty,Robinson,betty.r@example.com,81,F
M031,Mark,Walker,mark.walker@example.com,48,M
M032,Karen,Hall,karen.hall@example.com,46,F
M033,Steven,Allen,steven.allen@example.com,34,M
M034,Helen,Young,helen.young@example.com,36,F
M035,Kevin,King,kevin.king@example.com,55,M
M036,Dorothy,Wright,dorothy.w@example.com,53,F
M037,Brian,Scott,brian.scott@example.com,64,M
M038,Carol,Green,carol.green@example.com,68,F
M039,George,Adams,george.adams@example.com,71,M
M040,Ruth,Baker,ruth.baker@example.com,77,F
